{
  "mean": {
    "Fat_pct_mean": 20.05019925129815,
    "Total_kcal_mean": 2005.6304371452725,
    "Steps_mean": 7443.307788914383,
    "RestingHR_mean": 62.09201787223764,
    "HRV_mean": 50.00661453930685,
    "SleepDur_mean": 481.46141770317604,
    "Water_ml_mean": 2266.8793322062556,
    "Activity_kcal_fraction": 0.3006558976706158,
    "DeepFrac_mean": 0.3000683454110561,
    "Circumference_cm_med": 79.86593406593406,
    "Standing_variability": 56.57878583861292,
    "Protein_per_kg_mean": 2.0632368279796665
  },
  "std": {
    "Fat_pct_mean": 0.1205198114739841,
    "Total_kcal_mean": 9.880321651306547,
    "Steps_mean": 241.4990792172909,
    "RestingHR_mean": 0.2856150996483122,
    "HRV_mean": 0.42930589043264505,
    "SleepDur_mean": 2.4402579611776156,
    "Water_ml_mean": 53.17811044905588,
    "Activity_kcal_fraction": 0.002608237784529518,
    "DeepFrac_mean": 8.335986744835242e-05,
    "Circumference_cm_med": 0.688399925327683,
    "Standing_variability": 1.246107034368961,
    "Protein_per_kg_mean": 0.07531269265427297
  }
}